,value,percentage,energy_type,date
0,213821.42,0.36,Renovable,2020-01-01
1,270043.77,0.38,Renovable,2020-01-02
2,265306.16,0.39,Renovable,2020-01-03
3,301856.83,0.45,Renovable,2020-01-04
4,233033.47,0.38,Renovable,2020-01-05
5,224514.03,0.37,Renovable,2020-01-06
6,247448.28,0.34,Renovable,2020-01-07
7,253664.57,0.35,Renovable,2020-01-08
8,306678.95,0.41,Renovable,2020-01-09
9,348920.46,0.45,Renovable,2020-01-10
10,239071.11,0.36,Renovable,2020-01-11
11,214953.8,0.33,Renovable,2020-01-12
12,296460.41,0.39,Renovable,2020-01-13
13,357054.48,0.47,Renovable,2020-01-14
14,337708.74,0.44,Renovable,2020-01-15
15,361267.62,0.46,Renovable,2020-01-16
16,341337.19,0.44,Renovable,2020-01-17
17,298758.05,0.44,Renovable,2020-01-18
18,443336.31,0.56,Renovable,2020-01-19
19,480242.99,0.55,Renovable,2020-01-20
20,410710.2,0.48,Renovable,2020-01-21
21,324925.69,0.4,Renovable,2020-01-22
22,245879.65,0.32,Renovable,2020-01-23
23,229901.52,0.3,Renovable,2020-01-24
24,197372.47,0.3,Renovable,2020-01-25
25,266728.78,0.41,Renovable,2020-01-26
26,390556.89,0.49,Renovable,2020-01-27
27,352870.75,0.45,Renovable,2020-01-28
28,340211.18,0.44,Renovable,2020-01-29
29,351688.27,0.46,Renovable,2020-01-30
30,321883.48,0.44,Renovable,2020-01-31
31,353699.0,0.5,Renovable,2020-02-01
32,296573.16,0.47,Renovable,2020-02-02
33,270997.2,0.39,Renovable,2020-02-03
34,329478.96,0.45,Renovable,2020-02-04
35,319027.58,0.43,Renovable,2020-02-05
36,311697.56,0.41,Renovable,2020-02-06
37,269255.5,0.37,Renovable,2020-02-07
38,215811.76,0.34,Renovable,2020-02-08
39,293015.75,0.44,Renovable,2020-02-09
40,374718.89,0.49,Renovable,2020-02-10
41,274881.78,0.39,Renovable,2020-02-11
42,213847.3,0.31,Renovable,2020-02-12
43,294214.24,0.41,Renovable,2020-02-13
44,252591.18,0.36,Renovable,2020-02-14
45,266384.83,0.41,Renovable,2020-02-15
46,315203.77,0.48,Renovable,2020-02-16
47,317361.27,0.45,Renovable,2020-02-17
48,274479.48,0.39,Renovable,2020-02-18
49,267972.03,0.38,Renovable,2020-02-19
50,292791.2,0.41,Renovable,2020-02-20
51,281929.03,0.39,Renovable,2020-02-21
52,233976.6,0.37,Renovable,2020-02-22
53,217065.87,0.36,Renovable,2020-02-23
54,259025.07,0.38,Renovable,2020-02-24
55,348572.59,0.5,Renovable,2020-02-25
56,400785.22,0.52,Renovable,2020-02-26
57,430525.44,0.54,Renovable,2020-02-27
58,322941.11,0.45,Renovable,2020-02-28
59,423885.76,0.61,Renovable,2020-02-29
60,453066.97,0.64,Renovable,2020-03-01
61,481950.92,0.62,Renovable,2020-03-02
62,478632.57,0.59,Renovable,2020-03-03
63,445602.23,0.56,Renovable,2020-03-04
64,491806.92,0.6,Renovable,2020-03-05
65,522331.54,0.62,Renovable,2020-03-06
66,382322.53,0.53,Renovable,2020-03-07
67,345895.33,0.52,Renovable,2020-03-08
68,417980.06,0.53,Renovable,2020-03-09
69,357514.98,0.5,Renovable,2020-03-10
70,277871.17,0.41,Renovable,2020-03-11
71,286241.57,0.42,Renovable,2020-03-12
72,329539.63,0.47,Renovable,2020-03-13
73,245732.42,0.4,Renovable,2020-03-14
74,292632.92,0.45,Renovable,2020-03-15
75,394299.56,0.53,Renovable,2020-03-16
76,375550.84,0.54,Renovable,2020-03-17
77,296699.76,0.47,Renovable,2020-03-18
78,291415.42,0.47,Renovable,2020-03-19
79,290758.35,0.46,Renovable,2020-03-20
80,219114.48,0.38,Renovable,2020-03-21
81,193187.36,0.36,Renovable,2020-03-22
82,279037.1,0.45,Renovable,2020-03-23
83,277871.84,0.44,Renovable,2020-03-24
84,240187.5,0.41,Renovable,2020-03-25
85,358130.05,0.53,Renovable,2020-03-26
86,270698.92,0.44,Renovable,2020-03-27
87,216567.56,0.39,Renovable,2020-03-28
88,282248.2,0.47,Renovable,2020-03-29
89,327558.11,0.48,Renovable,2020-03-30
90,306539.23,0.46,Renovable,2020-03-31
91,225205.08,0.38,Renovable,2020-04-01
92,256892.94,0.42,Renovable,2020-04-02
93,265168.13,0.42,Renovable,2020-04-03
94,302329.88,0.49,Renovable,2020-04-04
95,301729.57,0.5,Renovable,2020-04-05
96,211479.09,0.38,Renovable,2020-04-06
97,214453.97,0.39,Renovable,2020-04-07
98,211655.28,0.4,Renovable,2020-04-08
99,199999.09,0.38,Renovable,2020-04-09
100,197796.74,0.37,Renovable,2020-04-10
101,200329.53,0.39,Renovable,2020-04-11
102,227299.74,0.42,Renovable,2020-04-12
103,195500.4,0.37,Renovable,2020-04-13
104,233838.57,0.42,Renovable,2020-04-14
105,311025.55,0.5,Renovable,2020-04-15
106,341568.37,0.54,Renovable,2020-04-16
107,305206.18,0.51,Renovable,2020-04-17
108,212300.44,0.39,Renovable,2020-04-18
109,238264.09,0.44,Renovable,2020-04-19
110,292642.97,0.5,Renovable,2020-04-20
111,346480.88,0.55,Renovable,2020-04-21
112,325243.39,0.52,Renovable,2020-04-22
113,283997.92,0.48,Renovable,2020-04-23
114,301693.7,0.51,Renovable,2020-04-24
115,220848.95,0.42,Renovable,2020-04-25
116,242464.56,0.45,Renovable,2020-04-26
117,313207.65,0.52,Renovable,2020-04-27
118,383691.67,0.6,Renovable,2020-04-28
119,448739.7,0.66,Renovable,2020-04-29
120,475333.63,0.69,Renovable,2020-04-30
121,425275.0,0.65,Renovable,2020-05-01
122,346240.8,0.58,Renovable,2020-05-02
123,251337.49,0.49,Renovable,2020-05-03
124,386206.36,0.6,Renovable,2020-05-04
125,320343.42,0.55,Renovable,2020-05-05
126,278659.69,0.5,Renovable,2020-05-06
127,343016.34,0.57,Renovable,2020-05-07
128,316848.67,0.55,Renovable,2020-05-08
129,266204.49,0.48,Renovable,2020-05-09
130,294821.95,0.53,Renovable,2020-05-10
131,340487.46,0.57,Renovable,2020-05-11
132,241243.95,0.44,Renovable,2020-05-12
133,262673.96,0.48,Renovable,2020-05-13
134,294937.15,0.53,Renovable,2020-05-14
135,337173.46,0.57,Renovable,2020-05-15
136,347376.95,0.57,Renovable,2020-05-16
137,278315.46,0.51,Renovable,2020-05-17
138,299025.35,0.52,Renovable,2020-05-18
139,294082.34,0.5,Renovable,2020-05-19
140,241264.32,0.44,Renovable,2020-05-20
141,249128.67,0.45,Renovable,2020-05-21
142,261086.65,0.47,Renovable,2020-05-22
143,327024.6,0.56,Renovable,2020-05-23
144,329285.71,0.58,Renovable,2020-05-24
145,314065.42,0.52,Renovable,2020-05-25
146,365130.06,0.58,Renovable,2020-05-26
147,343408.24,0.54,Renovable,2020-05-27
148,302870.92,0.49,Renovable,2020-05-28
149,277862.16,0.46,Renovable,2020-05-29
150,274129.7,0.49,Renovable,2020-05-30
151,230047.2,0.44,Renovable,2020-05-31
152,228906.61,0.4,Renovable,2020-06-01
153,231734.62,0.39,Renovable,2020-06-02
154,267812.57,0.42,Renovable,2020-06-03
155,348687.41,0.52,Renovable,2020-06-04
156,297303.51,0.46,Renovable,2020-06-05
157,261488.9,0.44,Renovable,2020-06-06
158,336030.51,0.53,Renovable,2020-06-07
159,332547.5,0.5,Renovable,2020-06-08
160,311348.9,0.46,Renovable,2020-06-09
161,264283.5,0.41,Renovable,2020-06-10
162,359957.41,0.54,Renovable,2020-06-11
163,400328.09,0.58,Renovable,2020-06-12
164,330736.44,0.53,Renovable,2020-06-13
165,246168.67,0.44,Renovable,2020-06-14
166,264434.6,0.41,Renovable,2020-06-15
167,281350.54,0.42,Renovable,2020-06-16
168,252480.26,0.39,Renovable,2020-06-17
169,234211.11,0.38,Renovable,2020-06-18
170,244066.61,0.4,Renovable,2020-06-19
171,233155.06,0.4,Renovable,2020-06-20
172,263532.29,0.44,Renovable,2020-06-21
173,315247.88,0.45,Renovable,2020-06-22
174,298556.01,0.43,Renovable,2020-06-23
175,253653.95,0.4,Renovable,2020-06-24
176,273069.35,0.41,Renovable,2020-06-25
177,301980.04,0.43,Renovable,2020-06-26
178,276730.14,0.44,Renovable,2020-06-27
179,246325.26,0.41,Renovable,2020-06-28
180,289297.36,0.41,Renovable,2020-06-29
181,297383.0,0.41,Renovable,2020-06-30
182,294510.91,0.39,Renovable,2020-07-01
183,313883.3,0.4,Renovable,2020-07-02
184,303324.49,0.39,Renovable,2020-07-03
185,264038.4,0.39,Renovable,2020-07-04
186,276428.85,0.41,Renovable,2020-07-05
187,369853.91,0.45,Renovable,2020-07-06
188,296457.91,0.37,Renovable,2020-07-07
189,298842.99,0.36,Renovable,2020-07-08
190,257298.66,0.32,Renovable,2020-07-09
191,293410.89,0.37,Renovable,2020-07-10
192,371818.15,0.48,Renovable,2020-07-11
193,301437.2,0.44,Renovable,2020-07-12
194,345815.13,0.44,Renovable,2020-07-13
195,342793.12,0.43,Renovable,2020-07-14
196,378510.85,0.45,Renovable,2020-07-15
197,350911.43,0.42,Renovable,2020-07-16
198,366223.11,0.43,Renovable,2020-07-17
199,245316.82,0.34,Renovable,2020-07-18
200,226436.72,0.34,Renovable,2020-07-19
201,295885.41,0.38,Renovable,2020-07-20
202,296491.09,0.37,Renovable,2020-07-21
203,237351.94,0.31,Renovable,2020-07-22
204,238792.62,0.3,Renovable,2020-07-23
205,277446.13,0.36,Renovable,2020-07-24
206,237887.61,0.34,Renovable,2020-07-25
207,227798.64,0.34,Renovable,2020-07-26
208,281187.21,0.36,Renovable,2020-07-27
209,318608.0,0.39,Renovable,2020-07-28
210,312997.89,0.38,Renovable,2020-07-29
211,312287.34,0.37,Renovable,2020-07-30
212,249272.1,0.31,Renovable,2020-07-31
213,285364.53,0.39,Renovable,2020-08-01
214,337813.71,0.46,Renovable,2020-08-02
215,317331.97,0.41,Renovable,2020-08-03
216,289495.57,0.38,Renovable,2020-08-04
217,240377.56,0.33,Renovable,2020-08-05
218,278483.79,0.36,Renovable,2020-08-06
219,275369.91,0.37,Renovable,2020-08-07
220,231247.74,0.34,Renovable,2020-08-08
221,224741.53,0.34,Renovable,2020-08-09
222,259415.07,0.35,Renovable,2020-08-10
223,279932.86,0.37,Renovable,2020-08-11
224,257303.67,0.35,Renovable,2020-08-12
225,218576.34,0.3,Renovable,2020-08-13
226,239643.2,0.33,Renovable,2020-08-14
227,269880.76,0.41,Renovable,2020-08-15
228,281007.59,0.43,Renovable,2020-08-16
229,283779.22,0.39,Renovable,2020-08-17
230,249493.04,0.34,Renovable,2020-08-18
231,339124.39,0.45,Renovable,2020-08-19
232,336638.89,0.44,Renovable,2020-08-20
233,285139.26,0.39,Renovable,2020-08-21
234,245662.38,0.37,Renovable,2020-08-22
235,264150.19,0.41,Renovable,2020-08-23
236,278983.63,0.37,Renovable,2020-08-24
237,257360.2,0.35,Renovable,2020-08-25
238,241734.0,0.31,Renovable,2020-08-26
239,263176.85,0.33,Renovable,2020-08-27
240,327597.65,0.43,Renovable,2020-08-28
241,370511.93,0.5,Renovable,2020-08-29
242,297310.87,0.45,Renovable,2020-08-30
243,250602.88,0.36,Renovable,2020-08-31
244,187995.1,0.27,Renovable,2020-09-01
245,277911.77,0.39,Renovable,2020-09-02
246,238610.61,0.34,Renovable,2020-09-03
247,257763.99,0.36,Renovable,2020-09-04
248,320139.59,0.46,Renovable,2020-09-05
249,391346.75,0.53,Renovable,2020-09-06
250,391854.37,0.52,Renovable,2020-09-07
251,314712.28,0.42,Renovable,2020-09-08
252,241408.64,0.33,Renovable,2020-09-09
253,258105.28,0.34,Renovable,2020-09-10
254,233706.33,0.32,Renovable,2020-09-11
255,223931.27,0.36,Renovable,2020-09-12
256,246637.38,0.39,Renovable,2020-09-13
257,280409.85,0.37,Renovable,2020-09-14
258,229003.36,0.31,Renovable,2020-09-15
259,203987.93,0.28,Renovable,2020-09-16
260,238906.96,0.33,Renovable,2020-09-17
261,277619.9,0.38,Renovable,2020-09-18
262,261277.25,0.4,Renovable,2020-09-19
263,186131.93,0.32,Renovable,2020-09-20
264,189056.26,0.27,Renovable,2020-09-21
265,200318.2,0.28,Renovable,2020-09-22
266,255592.25,0.35,Renovable,2020-09-23
267,330304.39,0.44,Renovable,2020-09-24
268,452160.8,0.56,Renovable,2020-09-25
269,398995.26,0.55,Renovable,2020-09-26
270,362958.27,0.52,Renovable,2020-09-27
271,269537.89,0.39,Renovable,2020-09-28
272,201686.12,0.29,Renovable,2020-09-29
273,188807.84,0.28,Renovable,2020-09-30
274,325293.34,0.46,Renovable,2020-10-01
275,446512.71,0.59,Renovable,2020-10-02
276,440637.51,0.61,Renovable,2020-10-03
277,370341.67,0.57,Renovable,2020-10-04
278,306963.5,0.47,Renovable,2020-10-05
279,299211.85,0.45,Renovable,2020-10-06
280,251734.24,0.37,Renovable,2020-10-07
281,206177.54,0.32,Renovable,2020-10-08
282,186921.3,0.29,Renovable,2020-10-09
283,331479.24,0.51,Renovable,2020-10-10
284,364270.84,0.55,Renovable,2020-10-11
285,318215.55,0.5,Renovable,2020-10-12
286,313606.24,0.45,Renovable,2020-10-13
287,353176.05,0.5,Renovable,2020-10-14
288,338920.85,0.47,Renovable,2020-10-15
289,278605.26,0.4,Renovable,2020-10-16
290,217515.32,0.36,Renovable,2020-10-17
291,214441.44,0.38,Renovable,2020-10-18
292,392272.77,0.53,Renovable,2020-10-19
293,429678.41,0.56,Renovable,2020-10-20
294,351910.84,0.49,Renovable,2020-10-21
295,260327.11,0.38,Renovable,2020-10-22
296,302659.72,0.44,Renovable,2020-10-23
297,343121.94,0.53,Renovable,2020-10-24
298,396536.88,0.57,Renovable,2020-10-25
299,413388.58,0.56,Renovable,2020-10-26
300,379759.97,0.53,Renovable,2020-10-27
301,264294.22,0.41,Renovable,2020-10-28
302,222102.29,0.35,Renovable,2020-10-29
303,243443.38,0.38,Renovable,2020-10-30
304,258731.82,0.45,Renovable,2020-10-31
305,248330.77,0.44,Renovable,2020-11-01
306,231102.46,0.39,Renovable,2020-11-02
307,303167.39,0.46,Renovable,2020-11-03
308,328679.63,0.47,Renovable,2020-11-04
309,406532.26,0.55,Renovable,2020-11-05
310,438789.84,0.58,Renovable,2020-11-06
311,350884.51,0.52,Renovable,2020-11-07
312,282969.12,0.47,Renovable,2020-11-08
313,220763.1,0.34,Renovable,2020-11-09
314,218267.08,0.33,Renovable,2020-11-10
315,289256.84,0.44,Renovable,2020-11-11
316,243634.9,0.37,Renovable,2020-11-12
317,218164.67,0.35,Renovable,2020-11-13
318,235515.36,0.41,Renovable,2020-11-14
319,317041.46,0.51,Renovable,2020-11-15
320,239359.33,0.37,Renovable,2020-11-16
321,205111.17,0.33,Renovable,2020-11-17
322,225390.12,0.35,Renovable,2020-11-18
323,321614.24,0.45,Renovable,2020-11-19
324,389902.08,0.52,Renovable,2020-11-20
325,242313.68,0.4,Renovable,2020-11-21
326,175617.32,0.3,Renovable,2020-11-22
327,203787.74,0.3,Renovable,2020-11-23
328,247039.25,0.34,Renovable,2020-11-24
329,249111.84,0.35,Renovable,2020-11-25
330,347006.21,0.45,Renovable,2020-11-26
331,286728.83,0.37,Renovable,2020-11-27
332,194420.29,0.31,Renovable,2020-11-28
333,175321.63,0.29,Renovable,2020-11-29
334,235685.49,0.34,Renovable,2020-11-30
335,313060.23,0.42,Renovable,2020-12-01
336,397867.66,0.49,Renovable,2020-12-02
337,375351.19,0.47,Renovable,2020-12-03
338,427755.17,0.51,Renovable,2020-12-04
339,407240.79,0.52,Renovable,2020-12-05
340,418722.88,0.53,Renovable,2020-12-06
341,469301.41,0.58,Renovable,2020-12-07
342,460432.44,0.57,Renovable,2020-12-08
343,437923.48,0.5,Renovable,2020-12-09
344,503572.74,0.57,Renovable,2020-12-10
345,514936.2,0.6,Renovable,2020-12-11
346,492602.84,0.6,Renovable,2020-12-12
347,345818.83,0.49,Renovable,2020-12-13
348,331397.89,0.44,Renovable,2020-12-14
349,363279.55,0.46,Renovable,2020-12-15
350,338816.95,0.43,Renovable,2020-12-16
351,266583.45,0.36,Renovable,2020-12-17
352,306681.49,0.42,Renovable,2020-12-18
353,288523.92,0.43,Renovable,2020-12-19
354,298527.21,0.45,Renovable,2020-12-20
355,331450.79,0.44,Renovable,2020-12-21
356,300352.75,0.43,Renovable,2020-12-22
357,300518.74,0.43,Renovable,2020-12-23
358,268638.86,0.43,Renovable,2020-12-24
359,409200.46,0.57,Renovable,2020-12-25
360,370727.48,0.53,Renovable,2020-12-26
361,394594.72,0.54,Renovable,2020-12-27
362,517108.25,0.62,Renovable,2020-12-28
363,462669.37,0.57,Renovable,2020-12-29
364,428395.2,0.53,Renovable,2020-12-30
365,409264.27,0.55,Renovable,2020-12-31
0,381664.22,0.64,No renovable,2020-01-01
1,437877.26,0.62,No renovable,2020-01-02
2,420330.73,0.61,No renovable,2020-01-03
3,370788.87,0.55,No renovable,2020-01-04
4,378600.53,0.62,No renovable,2020-01-05
5,390394.87,0.63,No renovable,2020-01-06
6,490172.94,0.66,No renovable,2020-01-07
7,480502.34,0.65,No renovable,2020-01-08
8,440937.3,0.59,No renovable,2020-01-09
9,424581.88,0.55,No renovable,2020-01-10
10,424337.81,0.64,No renovable,2020-01-11
11,434789.2,0.67,No renovable,2020-01-12
12,470485.81,0.61,No renovable,2020-01-13
13,395083.29,0.53,No renovable,2020-01-14
14,422838.31,0.56,No renovable,2020-01-15
15,421818.67,0.54,No renovable,2020-01-16
16,432620.96,0.56,No renovable,2020-01-17
17,383338.48,0.56,No renovable,2020-01-18
18,345021.66,0.44,No renovable,2020-01-19
19,399909.82,0.45,No renovable,2020-01-20
20,444369.79,0.52,No renovable,2020-01-21
21,483183.81,0.6,No renovable,2020-01-22
22,527858.55,0.68,No renovable,2020-01-23
23,535177.36,0.7,No renovable,2020-01-24
24,460313.36,0.7,No renovable,2020-01-25
25,387719.04,0.59,No renovable,2020-01-26
26,412793.54,0.51,No renovable,2020-01-27
27,423680.14,0.55,No renovable,2020-01-28
28,435117.48,0.56,No renovable,2020-01-29
29,409368.54,0.54,No renovable,2020-01-30
30,409397.96,0.56,No renovable,2020-01-31
31,347347.36,0.5,No renovable,2020-02-01
32,340611.0,0.53,No renovable,2020-02-02
33,427741.93,0.61,No renovable,2020-02-03
34,408181.92,0.55,No renovable,2020-02-04
35,423678.12,0.57,No renovable,2020-02-05
36,442372.73,0.59,No renovable,2020-02-06
37,453985.45,0.63,No renovable,2020-02-07
38,416141.61,0.66,No renovable,2020-02-08
39,366144.71,0.56,No renovable,2020-02-09
40,382319.63,0.51,No renovable,2020-02-10
41,437245.76,0.61,No renovable,2020-02-11
42,481606.64,0.69,No renovable,2020-02-12
43,429843.76,0.59,No renovable,2020-02-13
44,454914.84,0.64,No renovable,2020-02-14
45,378482.65,0.59,No renovable,2020-02-15
46,339751.42,0.52,No renovable,2020-02-16
47,390830.06,0.55,No renovable,2020-02-17
48,433839.11,0.61,No renovable,2020-02-18
49,446152.52,0.62,No renovable,2020-02-19
50,429652.79,0.59,No renovable,2020-02-20
51,432592.56,0.61,No renovable,2020-02-21
52,397633.91,0.63,No renovable,2020-02-22
53,380231.92,0.64,No renovable,2020-02-23
54,425572.09,0.62,No renovable,2020-02-24
55,354879.11,0.5,No renovable,2020-02-25
56,366930.72,0.48,No renovable,2020-02-26
57,371721.12,0.46,No renovable,2020-02-27
58,389169.8,0.55,No renovable,2020-02-28
59,265508.7,0.39,No renovable,2020-02-29
60,255013.88,0.36,No renovable,2020-03-01
61,292588.63,0.38,No renovable,2020-03-02
62,326432.15,0.41,No renovable,2020-03-03
63,350022.71,0.44,No renovable,2020-03-04
64,322937.52,0.4,No renovable,2020-03-05
65,323151.08,0.38,No renovable,2020-03-06
66,341389.67,0.47,No renovable,2020-03-07
67,323298.13,0.48,No renovable,2020-03-08
68,363913.77,0.47,No renovable,2020-03-09
69,364208.12,0.5,No renovable,2020-03-10
70,401677.35,0.59,No renovable,2020-03-11
71,388346.02,0.58,No renovable,2020-03-12
72,366548.37,0.53,No renovable,2020-03-13
73,371538.74,0.6,No renovable,2020-03-14
74,353494.03,0.55,No renovable,2020-03-15
75,349589.4,0.47,No renovable,2020-03-16
76,326179.66,0.46,No renovable,2020-03-17
77,341093.63,0.53,No renovable,2020-03-18
78,328028.38,0.53,No renovable,2020-03-19
79,338566.83,0.54,No renovable,2020-03-20
80,350294.77,0.62,No renovable,2020-03-21
81,344065.21,0.64,No renovable,2020-03-22
82,340878.02,0.55,No renovable,2020-03-23
83,353121.16,0.56,No renovable,2020-03-24
84,351849.31,0.59,No renovable,2020-03-25
85,324018.93,0.47,No renovable,2020-03-26
86,347148.61,0.56,No renovable,2020-03-27
87,343675.19,0.61,No renovable,2020-03-28
88,314408.61,0.53,No renovable,2020-03-29
89,353936.47,0.52,No renovable,2020-03-30
90,352798.92,0.54,No renovable,2020-03-31
91,362202.66,0.62,No renovable,2020-04-01
92,353768.72,0.58,No renovable,2020-04-02
93,364483.75,0.58,No renovable,2020-04-03
94,314630.61,0.51,No renovable,2020-04-04
95,300155.1,0.5,No renovable,2020-04-05
96,340787.67,0.62,No renovable,2020-04-06
97,328888.65,0.61,No renovable,2020-04-07
98,324039.79,0.6,No renovable,2020-04-08
99,329283.27,0.62,No renovable,2020-04-09
100,335257.27,0.63,No renovable,2020-04-10
101,313582.17,0.61,No renovable,2020-04-11
102,316230.59,0.58,No renovable,2020-04-12
103,332472.65,0.63,No renovable,2020-04-13
104,322365.39,0.58,No renovable,2020-04-14
105,311342.11,0.5,No renovable,2020-04-15
106,291694.98,0.46,No renovable,2020-04-16
107,290177.31,0.49,No renovable,2020-04-17
108,325284.16,0.61,No renovable,2020-04-18
109,298323.93,0.56,No renovable,2020-04-19
110,297963.18,0.5,No renovable,2020-04-20
111,287211.98,0.45,No renovable,2020-04-21
112,304186.27,0.48,No renovable,2020-04-22
113,304478.12,0.52,No renovable,2020-04-23
114,295276.51,0.49,No renovable,2020-04-24
115,299219.53,0.58,No renovable,2020-04-25
116,293807.14,0.55,No renovable,2020-04-26
117,284748.92,0.48,No renovable,2020-04-27
118,258873.89,0.4,No renovable,2020-04-28
119,227510.14,0.34,No renovable,2020-04-29
120,213549.6,0.31,No renovable,2020-04-30
121,227059.15,0.35,No renovable,2020-05-01
122,253751.12,0.42,No renovable,2020-05-02
123,257155.53,0.51,No renovable,2020-05-03
124,259126.61,0.4,No renovable,2020-05-04
125,265720.48,0.45,No renovable,2020-05-05
126,279021.93,0.5,No renovable,2020-05-06
127,262470.66,0.43,No renovable,2020-05-07
128,258816.23,0.45,No renovable,2020-05-08
129,286909.55,0.52,No renovable,2020-05-09
130,264259.21,0.47,No renovable,2020-05-10
131,258262.21,0.43,No renovable,2020-05-11
132,306916.71,0.56,No renovable,2020-05-12
133,283555.83,0.52,No renovable,2020-05-13
134,265633.21,0.47,No renovable,2020-05-14
135,254151.53,0.43,No renovable,2020-05-15
136,260171.67,0.43,No renovable,2020-05-16
137,265998.69,0.49,No renovable,2020-05-17
138,270933.87,0.48,No renovable,2020-05-18
139,289750.65,0.5,No renovable,2020-05-19
140,307644.25,0.56,No renovable,2020-05-20
141,302448.87,0.55,No renovable,2020-05-21
142,299130.8,0.53,No renovable,2020-05-22
143,254795.46,0.44,No renovable,2020-05-23
144,241545.66,0.42,No renovable,2020-05-24
145,295276.38,0.48,No renovable,2020-05-25
146,269249.64,0.42,No renovable,2020-05-26
147,287981.76,0.46,No renovable,2020-05-27
148,317567.03,0.51,No renovable,2020-05-28
149,326295.95,0.54,No renovable,2020-05-29
150,285831.54,0.51,No renovable,2020-05-30
151,293949.6,0.56,No renovable,2020-05-31
152,342161.46,0.6,No renovable,2020-06-01
153,355750.38,0.61,No renovable,2020-06-02
154,367824.79,0.58,No renovable,2020-06-03
155,323725.6,0.48,No renovable,2020-06-04
156,343778.51,0.54,No renovable,2020-06-05
157,331906.01,0.56,No renovable,2020-06-06
158,295962.97,0.47,No renovable,2020-06-07
159,337479.56,0.5,No renovable,2020-06-08
160,359474.04,0.54,No renovable,2020-06-09
161,375921.73,0.59,No renovable,2020-06-10
162,311750.93,0.46,No renovable,2020-06-11
163,286007.28,0.42,No renovable,2020-06-12
164,292745.14,0.47,No renovable,2020-06-13
165,311280.01,0.56,No renovable,2020-06-14
166,386687.62,0.59,No renovable,2020-06-15
167,390417.88,0.58,No renovable,2020-06-16
168,395954.13,0.61,No renovable,2020-06-17
169,380957.38,0.62,No renovable,2020-06-18
170,370935.94,0.6,No renovable,2020-06-19
171,357035.0,0.6,No renovable,2020-06-20
172,333775.24,0.56,No renovable,2020-06-21
173,380341.97,0.55,No renovable,2020-06-22
174,388826.89,0.57,No renovable,2020-06-23
175,383456.27,0.6,No renovable,2020-06-24
176,400404.88,0.59,No renovable,2020-06-25
177,392438.3,0.57,No renovable,2020-06-26
178,354940.68,0.56,No renovable,2020-06-27
179,361515.28,0.59,No renovable,2020-06-28
180,412445.46,0.59,No renovable,2020-06-29
181,434812.81,0.59,No renovable,2020-06-30
182,456645.18,0.61,No renovable,2020-07-01
183,471585.09,0.6,No renovable,2020-07-02
184,470765.48,0.61,No renovable,2020-07-03
185,408422.29,0.61,No renovable,2020-07-04
186,394649.23,0.59,No renovable,2020-07-05
187,453199.24,0.55,No renovable,2020-07-06
188,500693.96,0.63,No renovable,2020-07-07
189,521359.07,0.64,No renovable,2020-07-08
190,543353.49,0.68,No renovable,2020-07-09
191,496864.07,0.63,No renovable,2020-07-10
192,396145.81,0.52,No renovable,2020-07-11
193,383018.26,0.56,No renovable,2020-07-12
194,444327.1,0.56,No renovable,2020-07-13
195,449779.84,0.57,No renovable,2020-07-14
196,453663.08,0.55,No renovable,2020-07-15
197,487294.05,0.58,No renovable,2020-07-16
198,480657.43,0.57,No renovable,2020-07-17
199,470544.46,0.66,No renovable,2020-07-18
200,441466.72,0.66,No renovable,2020-07-19
201,484821.6,0.62,No renovable,2020-07-20
202,501554.06,0.63,No renovable,2020-07-21
203,533852.87,0.69,No renovable,2020-07-22
204,544998.46,0.7,No renovable,2020-07-23
205,502888.6,0.64,No renovable,2020-07-24
206,451770.36,0.66,No renovable,2020-07-25
207,433591.32,0.66,No renovable,2020-07-26
208,490602.36,0.64,No renovable,2020-07-27
209,498712.47,0.61,No renovable,2020-07-28
210,510451.92,0.62,No renovable,2020-07-29
211,533926.19,0.63,No renovable,2020-07-30
212,553523.0,0.69,No renovable,2020-07-31
213,447405.89,0.61,No renovable,2020-08-01
214,404303.77,0.54,No renovable,2020-08-02
215,450315.08,0.59,No renovable,2020-08-03
216,476394.66,0.62,No renovable,2020-08-04
217,495238.39,0.67,No renovable,2020-08-05
218,486578.14,0.64,No renovable,2020-08-06
219,476164.96,0.63,No renovable,2020-08-07
220,455459.47,0.66,No renovable,2020-08-08
221,431600.97,0.66,No renovable,2020-08-09
222,477005.5,0.65,No renovable,2020-08-10
223,479916.03,0.63,No renovable,2020-08-11
224,479362.24,0.65,No renovable,2020-08-12
225,504661.45,0.7,No renovable,2020-08-13
226,477974.68,0.67,No renovable,2020-08-14
227,392772.8,0.59,No renovable,2020-08-15
228,378786.67,0.57,No renovable,2020-08-16
229,447926.92,0.61,No renovable,2020-08-17
230,476774.27,0.66,No renovable,2020-08-18
231,417268.55,0.55,No renovable,2020-08-19
232,433593.21,0.56,No renovable,2020-08-20
233,449324.6,0.61,No renovable,2020-08-21
234,415666.58,0.63,No renovable,2020-08-22
235,381630.96,0.59,No renovable,2020-08-23
236,473778.25,0.63,No renovable,2020-08-24
237,487214.36,0.65,No renovable,2020-08-25
238,525894.72,0.69,No renovable,2020-08-26
239,531515.74,0.67,No renovable,2020-08-27
240,442110.06,0.57,No renovable,2020-08-28
241,374529.93,0.5,No renovable,2020-08-29
242,360635.01,0.55,No renovable,2020-08-30
243,455005.36,0.64,No renovable,2020-08-31
244,502284.3,0.73,No renovable,2020-09-01
245,439120.77,0.61,No renovable,2020-09-02
246,463853.76,0.66,No renovable,2020-09-03
247,465679.28,0.64,No renovable,2020-09-04
248,380170.68,0.54,No renovable,2020-09-05
249,341181.19,0.47,No renovable,2020-09-06
250,367074.99,0.48,No renovable,2020-09-07
251,426532.93,0.58,No renovable,2020-09-08
252,492922.53,0.67,No renovable,2020-09-09
253,491191.06,0.66,No renovable,2020-09-10
254,487736.61,0.68,No renovable,2020-09-11
255,402979.54,0.64,No renovable,2020-09-12
256,391132.57,0.61,No renovable,2020-09-13
257,472022.23,0.63,No renovable,2020-09-14
258,510601.12,0.69,No renovable,2020-09-15
259,536732.98,0.72,No renovable,2020-09-16
260,492090.17,0.67,No renovable,2020-09-17
261,449926.71,0.62,No renovable,2020-09-18
262,390477.35,0.6,No renovable,2020-09-19
263,389713.14,0.68,No renovable,2020-09-20
264,508258.27,0.73,No renovable,2020-09-21
265,516615.5,0.72,No renovable,2020-09-22
266,477026.68,0.65,No renovable,2020-09-23
267,416487.14,0.56,No renovable,2020-09-24
268,351294.32,0.44,No renovable,2020-09-25
269,321666.63,0.45,No renovable,2020-09-26
270,330136.23,0.48,No renovable,2020-09-27
271,430128.29,0.61,No renovable,2020-09-28
272,505924.14,0.71,No renovable,2020-09-29
273,484059.24,0.72,No renovable,2020-09-30
274,387898.6,0.54,No renovable,2020-10-01
275,315760.14,0.41,No renovable,2020-10-02
276,282956.63,0.39,No renovable,2020-10-03
277,275628.03,0.43,No renovable,2020-10-04
278,342683.5,0.53,No renovable,2020-10-05
279,364512.19,0.55,No renovable,2020-10-06
280,422493.12,0.63,No renovable,2020-10-07
281,438695.5,0.68,No renovable,2020-10-08
282,454308.7,0.71,No renovable,2020-10-09
283,317227.44,0.49,No renovable,2020-10-10
284,301898.03,0.45,No renovable,2020-10-11
285,321529.77,0.5,No renovable,2020-10-12
286,378179.86,0.55,No renovable,2020-10-13
287,351037.4,0.5,No renovable,2020-10-14
288,379993.88,0.53,No renovable,2020-10-15
289,422428.87,0.6,No renovable,2020-10-16
290,381258.74,0.64,No renovable,2020-10-17
291,352089.22,0.62,No renovable,2020-10-18
292,343683.73,0.47,No renovable,2020-10-19
293,343048.35,0.44,No renovable,2020-10-20
294,361985.37,0.51,No renovable,2020-10-21
295,419215.27,0.62,No renovable,2020-10-22
296,378153.81,0.56,No renovable,2020-10-23
297,303418.24,0.47,No renovable,2020-10-24
298,298141.31,0.43,No renovable,2020-10-25
299,330277.81,0.44,No renovable,2020-10-26
300,340652.71,0.47,No renovable,2020-10-27
301,383677.98,0.59,No renovable,2020-10-28
302,417680.85,0.65,No renovable,2020-10-29
303,401401.24,0.62,No renovable,2020-10-30
304,317852.57,0.55,No renovable,2020-10-31
305,311197.3,0.56,No renovable,2020-11-01
306,359647.37,0.61,No renovable,2020-11-02
307,360725.69,0.54,No renovable,2020-11-03
308,369442.82,0.53,No renovable,2020-11-04
309,328509.02,0.45,No renovable,2020-11-05
310,315289.48,0.42,No renovable,2020-11-06
311,328054.68,0.48,No renovable,2020-11-07
312,318913.2,0.53,No renovable,2020-11-08
313,422486.61,0.66,No renovable,2020-11-09
314,451846.29,0.67,No renovable,2020-11-10
315,369016.05,0.56,No renovable,2020-11-11
316,411442.82,0.63,No renovable,2020-11-12
317,409919.27,0.65,No renovable,2020-11-13
318,343048.54,0.59,No renovable,2020-11-14
319,304559.04,0.49,No renovable,2020-11-15
320,413930.99,0.63,No renovable,2020-11-16
321,418840.35,0.67,No renovable,2020-11-17
322,416616.0,0.65,No renovable,2020-11-18
323,386573.11,0.55,No renovable,2020-11-19
324,364191.89,0.48,No renovable,2020-11-20
325,367022.52,0.6,No renovable,2020-11-21
326,401269.76,0.7,No renovable,2020-11-22
327,484040.35,0.7,No renovable,2020-11-23
328,478139.11,0.66,No renovable,2020-11-24
329,462788.76,0.65,No renovable,2020-11-25
330,429218.6,0.55,No renovable,2020-11-26
331,479534.49,0.63,No renovable,2020-11-27
332,436370.35,0.69,No renovable,2020-11-28
333,425578.59,0.71,No renovable,2020-11-29
334,464343.97,0.66,No renovable,2020-11-30
335,437864.34,0.58,No renovable,2020-12-01
336,414817.44,0.51,No renovable,2020-12-02
337,423583.79,0.53,No renovable,2020-12-03
338,418990.96,0.49,No renovable,2020-12-04
339,374650.51,0.48,No renovable,2020-12-05
340,366737.08,0.47,No renovable,2020-12-06
341,337879.33,0.42,No renovable,2020-12-07
342,345559.43,0.43,No renovable,2020-12-08
343,435328.19,0.5,No renovable,2020-12-09
344,378990.88,0.43,No renovable,2020-12-10
345,341939.96,0.4,No renovable,2020-12-11
346,330829.13,0.4,No renovable,2020-12-12
347,365294.59,0.51,No renovable,2020-12-13
348,430240.3,0.56,No renovable,2020-12-14
349,422553.76,0.54,No renovable,2020-12-15
350,441986.16,0.57,No renovable,2020-12-16
351,483759.27,0.64,No renovable,2020-12-17
352,425291.44,0.58,No renovable,2020-12-18
353,386360.8,0.57,No renovable,2020-12-19
354,358082.26,0.55,No renovable,2020-12-20
355,413578.65,0.56,No renovable,2020-12-21
356,392238.03,0.57,No renovable,2020-12-22
357,393460.52,0.57,No renovable,2020-12-23
358,350094.85,0.57,No renovable,2020-12-24
359,309095.8,0.43,No renovable,2020-12-25
360,332540.66,0.47,No renovable,2020-12-26
361,329551.53,0.46,No renovable,2020-12-27
362,310625.74,0.38,No renovable,2020-12-28
363,343388.09,0.43,No renovable,2020-12-29
364,383118.84,0.47,No renovable,2020-12-30
365,337573.17,0.45,No renovable,2020-12-31
0,398853.22,0.56,Renovable,2021-01-01
1,437299.4,0.55,Renovable,2021-01-02
2,396194.64,0.52,Renovable,2021-01-03
3,338973.5,0.43,Renovable,2021-01-04
4,292005.2,0.4,Renovable,2021-01-05
5,273371.49,0.4,Renovable,2021-01-06
6,281407.87,0.37,Renovable,2021-01-07
7,393660.8,0.49,Renovable,2021-01-08
8,393069.53,0.52,Renovable,2021-01-09
9,404922.4,0.53,Renovable,2021-01-10
10,415627.36,0.51,Renovable,2021-01-11
11,369710.73,0.44,Renovable,2021-01-12
12,382548.13,0.45,Renovable,2021-01-13
13,414779.05,0.49,Renovable,2021-01-14
14,421916.29,0.5,Renovable,2021-01-15
15,377190.37,0.49,Renovable,2021-01-16
16,343080.8,0.48,Renovable,2021-01-17
17,274702.28,0.36,Renovable,2021-01-18
18,331491.09,0.44,Renovable,2021-01-19
19,469979.49,0.58,Renovable,2021-01-20
20,526142.6,0.6,Renovable,2021-01-21
21,536408.52,0.62,Renovable,2021-01-22
22,528513.91,0.63,Renovable,2021-01-23
23,475594.3,0.6,Renovable,2021-01-24
24,439249.13,0.54,Renovable,2021-01-25
25,341620.24,0.46,Renovable,2021-01-26
26,404261.59,0.52,Renovable,2021-01-27
27,426427.57,0.55,Renovable,2021-01-28
28,442923.55,0.56,Renovable,2021-01-29
29,550873.33,0.69,Renovable,2021-01-30
30,478268.48,0.68,Renovable,2021-01-31
31,543172.35,0.68,Renovable,2021-02-01
32,484928.21,0.61,Renovable,2021-02-02
33,432521.06,0.57,Renovable,2021-02-03
34,312381.35,0.44,Renovable,2021-02-04
35,375121.15,0.51,Renovable,2021-02-05
36,394723.8,0.55,Renovable,2021-02-06
37,442390.06,0.61,Renovable,2021-02-07
38,528197.38,0.64,Renovable,2021-02-08
39,512824.89,0.64,Renovable,2021-02-09
40,501732.83,0.61,Renovable,2021-02-10
41,413184.35,0.52,Renovable,2021-02-11
42,503267.3,0.61,Renovable,2021-02-12
43,430260.59,0.58,Renovable,2021-02-13
44,401532.75,0.57,Renovable,2021-02-14
45,434559.67,0.58,Renovable,2021-02-15
46,430553.39,0.57,Renovable,2021-02-16
47,401055.57,0.54,Renovable,2021-02-17
48,448217.69,0.58,Renovable,2021-02-18
49,473033.15,0.61,Renovable,2021-02-19
50,490918.52,0.68,Renovable,2021-02-20
51,426221.95,0.63,Renovable,2021-02-21
52,424470.76,0.56,Renovable,2021-02-22
53,426334.66,0.58,Renovable,2021-02-23
54,511251.83,0.64,Renovable,2021-02-24
55,381856.79,0.53,Renovable,2021-02-25
56,387450.54,0.54,Renovable,2021-02-26
57,428815.81,0.59,Renovable,2021-02-27
58,418959.4,0.58,Renovable,2021-02-28
59,417176.28,0.54,Renovable,2021-03-01
60,345402.83,0.47,Renovable,2021-03-02
61,294535.16,0.43,Renovable,2021-03-03
62,308067.97,0.45,Renovable,2021-03-04
63,349355.57,0.5,Renovable,2021-03-05
64,335288.55,0.51,Renovable,2021-03-06
65,257668.43,0.44,Renovable,2021-03-07
66,376344.47,0.5,Renovable,2021-03-08
67,373844.16,0.5,Renovable,2021-03-09
68,364242.38,0.51,Renovable,2021-03-10
69,422564.25,0.57,Renovable,2021-03-11
70,379577.5,0.53,Renovable,2021-03-12
71,337127.11,0.52,Renovable,2021-03-13
72,388199.92,0.58,Renovable,2021-03-14
73,452976.38,0.59,Renovable,2021-03-15
74,523831.77,0.64,Renovable,2021-03-16
75,545009.36,0.67,Renovable,2021-03-17
76,497941.86,0.62,Renovable,2021-03-18
77,471311.44,0.62,Renovable,2021-03-19
78,502247.05,0.64,Renovable,2021-03-20
79,466378.28,0.62,Renovable,2021-03-21
80,457452.94,0.58,Renovable,2021-03-22
81,310839.1,0.45,Renovable,2021-03-23
82,275932.21,0.42,Renovable,2021-03-24
83,296030.43,0.45,Renovable,2021-03-25
84,312734.18,0.47,Renovable,2021-03-26
85,313237.57,0.5,Renovable,2021-03-27
86,288320.31,0.5,Renovable,2021-03-28
87,388502.02,0.54,Renovable,2021-03-29
88,364114.52,0.52,Renovable,2021-03-30
89,383732.54,0.55,Renovable,2021-03-31
90,334832.82,0.51,Renovable,2021-04-01
91,235025.21,0.41,Renovable,2021-04-02
92,365357.74,0.56,Renovable,2021-04-03
93,344272.05,0.55,Renovable,2021-04-04
94,285383.08,0.48,Renovable,2021-04-05
95,445330.81,0.59,Renovable,2021-04-06
96,417095.38,0.55,Renovable,2021-04-07
97,338366.27,0.47,Renovable,2021-04-08
98,307608.56,0.44,Renovable,2021-04-09
99,240872.46,0.41,Renovable,2021-04-10
100,353668.65,0.54,Renovable,2021-04-11
101,389756.66,0.54,Renovable,2021-04-12
102,280646.53,0.4,Renovable,2021-04-13
103,287458.33,0.41,Renovable,2021-04-14
104,346397.7,0.49,Renovable,2021-04-15
105,421607.91,0.55,Renovable,2021-04-16
106,397307.89,0.57,Renovable,2021-04-17
107,304266.06,0.49,Renovable,2021-04-18
108,262116.86,0.38,Renovable,2021-04-19
109,242493.58,0.36,Renovable,2021-04-20
110,216845.1,0.33,Renovable,2021-04-21
111,248111.35,0.38,Renovable,2021-04-22
112,338552.11,0.51,Renovable,2021-04-23
113,337291.26,0.54,Renovable,2021-04-24
114,261259.41,0.45,Renovable,2021-04-25
115,220636.69,0.36,Renovable,2021-04-26
116,226030.84,0.35,Renovable,2021-04-27
117,245827.3,0.39,Renovable,2021-04-28
118,274662.35,0.44,Renovable,2021-04-29
119,271565.86,0.42,Renovable,2021-04-30
120,332420.45,0.52,Renovable,2021-05-01
121,264251.4,0.44,Renovable,2021-05-02
122,275875.03,0.43,Renovable,2021-05-03
123,275709.65,0.42,Renovable,2021-05-04
124,285894.08,0.45,Renovable,2021-05-05
125,331947.68,0.48,Renovable,2021-05-06
126,311352.87,0.47,Renovable,2021-05-07
127,363097.64,0.53,Renovable,2021-05-08
128,365159.95,0.55,Renovable,2021-05-09
129,338619.98,0.5,Renovable,2021-05-10
130,466225.01,0.59,Renovable,2021-05-11
131,458281.67,0.59,Renovable,2021-05-12
132,408033.9,0.56,Renovable,2021-05-13
133,402071.11,0.55,Renovable,2021-05-14
134,449059.67,0.61,Renovable,2021-05-15
135,465931.93,0.65,Renovable,2021-05-16
136,313001.18,0.51,Renovable,2021-05-17
137,393842.06,0.56,Renovable,2021-05-18
138,362163.43,0.54,Renovable,2021-05-19
139,303851.16,0.47,Renovable,2021-05-20
140,352517.14,0.54,Renovable,2021-05-21
141,308381.44,0.52,Renovable,2021-05-22
142,262452.41,0.48,Renovable,2021-05-23
143,367068.19,0.57,Renovable,2021-05-24
144,339030.05,0.52,Renovable,2021-05-25
145,292307.21,0.46,Renovable,2021-05-26
146,237775.21,0.38,Renovable,2021-05-27
147,242711.4,0.39,Renovable,2021-05-28
148,292337.18,0.49,Renovable,2021-05-29
149,288028.3,0.5,Renovable,2021-05-30
150,283963.3,0.44,Renovable,2021-05-31
151,275424.45,0.42,Renovable,2021-06-01
152,264357.6,0.4,Renovable,2021-06-02
153,307477.85,0.47,Renovable,2021-06-03
154,279279.52,0.44,Renovable,2021-06-04
155,238155.51,0.42,Renovable,2021-06-05
156,314158.37,0.52,Renovable,2021-06-06
157,299636.18,0.45,Renovable,2021-06-07
158,272269.11,0.42,Renovable,2021-06-08
159,299286.71,0.45,Renovable,2021-06-09
160,325601.19,0.49,Renovable,2021-06-10
161,393055.07,0.57,Renovable,2021-06-11
162,361081.4,0.59,Renovable,2021-06-12
163,285060.96,0.48,Renovable,2021-06-13
164,300463.24,0.44,Renovable,2021-06-14
165,303770.59,0.43,Renovable,2021-06-15
166,291163.2,0.41,Renovable,2021-06-16
167,256936.7,0.37,Renovable,2021-06-17
168,279179.21,0.41,Renovable,2021-06-18
169,245500.88,0.41,Renovable,2021-06-19
170,388623.96,0.6,Renovable,2021-06-20
171,347246.0,0.52,Renovable,2021-06-21
172,310447.76,0.47,Renovable,2021-06-22
173,349972.23,0.51,Renovable,2021-06-23
174,361069.75,0.54,Renovable,2021-06-24
175,330277.59,0.48,Renovable,2021-06-25
176,321857.3,0.49,Renovable,2021-06-26
177,346619.64,0.52,Renovable,2021-06-27
178,347946.22,0.49,Renovable,2021-06-28
179,291870.7,0.41,Renovable,2021-06-29
180,300083.65,0.42,Renovable,2021-06-30
181,290112.57,0.4,Renovable,2021-07-01
182,316694.32,0.42,Renovable,2021-07-02
183,333435.16,0.49,Renovable,2021-07-03
184,371827.5,0.53,Renovable,2021-07-04
185,412419.25,0.53,Renovable,2021-07-05
186,367701.33,0.49,Renovable,2021-07-06
187,319093.79,0.43,Renovable,2021-07-07
188,340051.95,0.45,Renovable,2021-07-08
189,320527.22,0.44,Renovable,2021-07-09
190,302154.86,0.45,Renovable,2021-07-10
191,295941.18,0.45,Renovable,2021-07-11
192,451820.94,0.56,Renovable,2021-07-12
193,378897.72,0.5,Renovable,2021-07-13
194,391916.0,0.53,Renovable,2021-07-14
195,392896.62,0.53,Renovable,2021-07-15
196,379560.18,0.51,Renovable,2021-07-16
197,313146.76,0.47,Renovable,2021-07-17
198,350226.85,0.52,Renovable,2021-07-18
199,292518.83,0.41,Renovable,2021-07-19
200,251602.51,0.35,Renovable,2021-07-20
201,254827.32,0.35,Renovable,2021-07-21
202,303501.87,0.41,Renovable,2021-07-22
203,359773.44,0.47,Renovable,2021-07-23
204,319906.02,0.47,Renovable,2021-07-24
205,274720.93,0.43,Renovable,2021-07-25
206,273708.58,0.39,Renovable,2021-07-26
207,285629.15,0.39,Renovable,2021-07-27
208,338918.13,0.46,Renovable,2021-07-28
209,335179.91,0.45,Renovable,2021-07-29
210,369664.55,0.5,Renovable,2021-07-30
211,389414.02,0.55,Renovable,2021-07-31
212,286906.5,0.46,Renovable,2021-08-01
213,267993.66,0.41,Renovable,2021-08-02
214,287704.03,0.42,Renovable,2021-08-03
215,330893.44,0.46,Renovable,2021-08-04
216,340464.64,0.49,Renovable,2021-08-05
217,331995.66,0.47,Renovable,2021-08-06
218,344920.25,0.51,Renovable,2021-08-07
219,275737.54,0.45,Renovable,2021-08-08
220,277439.6,0.43,Renovable,2021-08-09
221,244735.16,0.36,Renovable,2021-08-10
222,243358.11,0.36,Renovable,2021-08-11
223,285538.18,0.39,Renovable,2021-08-12
224,262542.19,0.37,Renovable,2021-08-13
225,259338.84,0.36,Renovable,2021-08-14
226,290815.47,0.42,Renovable,2021-08-15
227,398765.64,0.52,Renovable,2021-08-16
228,412759.61,0.53,Renovable,2021-08-17
229,366770.98,0.5,Renovable,2021-08-18
230,286884.79,0.41,Renovable,2021-08-19
231,264563.98,0.38,Renovable,2021-08-20
232,259340.39,0.4,Renovable,2021-08-21
233,293305.81,0.45,Renovable,2021-08-22
234,385120.45,0.51,Renovable,2021-08-23
235,350645.89,0.47,Renovable,2021-08-24
236,243099.1,0.34,Renovable,2021-08-25
237,221141.23,0.31,Renovable,2021-08-26
238,266766.37,0.37,Renovable,2021-08-27
239,334934.23,0.48,Renovable,2021-08-28
240,276473.96,0.43,Renovable,2021-08-29
241,247681.42,0.36,Renovable,2021-08-30
242,244143.48,0.34,Renovable,2021-08-31
243,237916.26,0.34,Renovable,2021-09-01
244,200041.97,0.29,Renovable,2021-09-02
245,199655.0,0.29,Renovable,2021-09-03
246,210430.74,0.32,Renovable,2021-09-04
247,245815.25,0.38,Renovable,2021-09-05
248,259934.46,0.36,Renovable,2021-09-06
249,368250.25,0.47,Renovable,2021-09-07
250,292312.0,0.39,Renovable,2021-09-08
251,265821.65,0.36,Renovable,2021-09-09
252,239071.05,0.33,Renovable,2021-09-10
253,184795.44,0.29,Renovable,2021-09-11
254,209934.94,0.34,Renovable,2021-09-12
255,240554.36,0.34,Renovable,2021-09-13
256,215825.54,0.29,Renovable,2021-09-14
257,182490.26,0.24,Renovable,2021-09-15
258,230400.56,0.32,Renovable,2021-09-16
259,206351.85,0.29,Renovable,2021-09-17
260,257550.06,0.4,Renovable,2021-09-18
261,248676.19,0.4,Renovable,2021-09-19
262,345042.58,0.48,Renovable,2021-09-20
263,363239.23,0.51,Renovable,2021-09-21
264,284417.78,0.42,Renovable,2021-09-22
265,317860.49,0.46,Renovable,2021-09-23
266,227189.44,0.34,Renovable,2021-09-24
267,238107.78,0.37,Renovable,2021-09-25
268,242039.64,0.39,Renovable,2021-09-26
269,233177.36,0.34,Renovable,2021-09-27
270,216385.91,0.32,Renovable,2021-09-28
271,279445.56,0.41,Renovable,2021-09-29
272,229384.8,0.33,Renovable,2021-09-30
273,171346.66,0.26,Renovable,2021-10-01
274,310548.35,0.48,Renovable,2021-10-02
275,339014.67,0.53,Renovable,2021-10-03
276,349909.6,0.5,Renovable,2021-10-04
277,308166.36,0.44,Renovable,2021-10-05
278,268588.34,0.38,Renovable,2021-10-06
279,249934.4,0.36,Renovable,2021-10-07
280,238152.55,0.35,Renovable,2021-10-08
281,255899.37,0.41,Renovable,2021-10-09
282,323973.98,0.5,Renovable,2021-10-10
283,288551.43,0.44,Renovable,2021-10-11
284,271227.5,0.42,Renovable,2021-10-12
285,308189.93,0.44,Renovable,2021-10-13
286,218075.87,0.33,Renovable,2021-10-14
287,200316.32,0.3,Renovable,2021-10-15
288,162821.77,0.27,Renovable,2021-10-16
289,161276.35,0.28,Renovable,2021-10-17
290,190791.7,0.29,Renovable,2021-10-18
291,315060.47,0.45,Renovable,2021-10-19
292,339656.59,0.49,Renovable,2021-10-20
293,236274.67,0.36,Renovable,2021-10-21
294,283017.83,0.41,Renovable,2021-10-22
295,205479.71,0.33,Renovable,2021-10-23
296,183273.59,0.31,Renovable,2021-10-24
297,163168.43,0.24,Renovable,2021-10-25
298,195200.95,0.28,Renovable,2021-10-26
299,172277.15,0.24,Renovable,2021-10-27
300,274521.23,0.4,Renovable,2021-10-28
301,281512.66,0.41,Renovable,2021-10-29
302,339917.75,0.5,Renovable,2021-10-30
303,385757.83,0.56,Renovable,2021-10-31
304,380180.72,0.56,Renovable,2021-11-01
305,370438.36,0.49,Renovable,2021-11-02
306,344288.99,0.45,Renovable,2021-11-03
307,283962.87,0.38,Renovable,2021-11-04
308,360841.93,0.46,Renovable,2021-11-05
309,401004.69,0.54,Renovable,2021-11-06
310,407284.6,0.56,Renovable,2021-11-07
311,405608.58,0.51,Renovable,2021-11-08
312,315969.01,0.41,Renovable,2021-11-09
313,220057.52,0.28,Renovable,2021-11-10
314,182138.69,0.23,Renovable,2021-11-11
315,202673.29,0.27,Renovable,2021-11-12
316,236925.87,0.36,Renovable,2021-11-13
317,331614.15,0.49,Renovable,2021-11-14
318,387841.95,0.49,Renovable,2021-11-15
319,334664.52,0.42,Renovable,2021-11-16
320,396583.98,0.51,Renovable,2021-11-17
321,324156.99,0.43,Renovable,2021-11-18
322,261576.72,0.35,Renovable,2021-11-19
323,156318.89,0.23,Renovable,2021-11-20
324,175806.05,0.27,Renovable,2021-11-21
325,251753.38,0.33,Renovable,2021-11-22
326,311139.93,0.38,Renovable,2021-11-23
327,278613.68,0.34,Renovable,2021-11-24
328,346934.95,0.41,Renovable,2021-11-25
329,374974.08,0.45,Renovable,2021-11-26
330,485198.61,0.61,Renovable,2021-11-27
331,472713.05,0.61,Renovable,2021-11-28
332,432952.41,0.5,Renovable,2021-11-29
333,223101.41,0.27,Renovable,2021-11-30
334,353769.46,0.43,Renovable,2021-12-01
335,463069.35,0.53,Renovable,2021-12-02
336,445718.26,0.5,Renovable,2021-12-03
337,444974.32,0.57,Renovable,2021-12-04
338,519545.29,0.66,Renovable,2021-12-05
339,425710.51,0.55,Renovable,2021-12-06
340,416512.72,0.53,Renovable,2021-12-07
341,548767.53,0.66,Renovable,2021-12-08
342,527457.51,0.62,Renovable,2021-12-09
343,548323.65,0.63,Renovable,2021-12-10
344,425201.1,0.55,Renovable,2021-12-11
345,273634.76,0.4,Renovable,2021-12-12
346,262223.42,0.32,Renovable,2021-12-13
347,222694.44,0.27,Renovable,2021-12-14
348,267090.66,0.33,Renovable,2021-12-15
349,298233.15,0.36,Renovable,2021-12-16
350,268242.71,0.32,Renovable,2021-12-17
351,236949.64,0.31,Renovable,2021-12-18
352,272008.76,0.39,Renovable,2021-12-19
353,269787.24,0.34,Renovable,2021-12-20
354,286047.02,0.35,Renovable,2021-12-21
355,290361.34,0.37,Renovable,2021-12-22
356,287992.72,0.36,Renovable,2021-12-23
357,301713.79,0.44,Renovable,2021-12-24
358,251202.6,0.42,Renovable,2021-12-25
359,330106.53,0.5,Renovable,2021-12-26
360,507201.85,0.63,Renovable,2021-12-27
361,497207.87,0.63,Renovable,2021-12-28
362,350446.47,0.52,Renovable,2021-12-29
363,240650.74,0.4,Renovable,2021-12-30
364,261516.34,0.46,Renovable,2021-12-31
0,312326.89,0.44,No renovable,2021-01-01
1,351912.51,0.45,No renovable,2021-01-02
2,359932.05,0.48,No renovable,2021-01-03
3,443026.98,0.57,No renovable,2021-01-04
4,436704.5,0.6,No renovable,2021-01-05
5,407483.42,0.6,No renovable,2021-01-06
6,486274.01,0.63,No renovable,2021-01-07
7,416164.42,0.51,No renovable,2021-01-08
8,366762.75,0.48,No renovable,2021-01-09
9,361324.62,0.47,No renovable,2021-01-10
10,398204.93,0.49,No renovable,2021-01-11
11,476844.24,0.56,No renovable,2021-01-12
12,459281.69,0.55,No renovable,2021-01-13
13,423307.01,0.51,No renovable,2021-01-14
14,427197.48,0.5,No renovable,2021-01-15
15,390954.85,0.51,No renovable,2021-01-16
16,377132.82,0.52,No renovable,2021-01-17
17,486759.22,0.64,No renovable,2021-01-18
18,420903.09,0.56,No renovable,2021-01-19
19,346198.5,0.42,No renovable,2021-01-20
20,345332.61,0.4,No renovable,2021-01-21
21,328235.74,0.38,No renovable,2021-01-22
22,306170.57,0.37,No renovable,2021-01-23
23,311249.46,0.4,No renovable,2021-01-24
24,368304.94,0.46,No renovable,2021-01-25
25,402160.25,0.54,No renovable,2021-01-26
26,365809.26,0.48,No renovable,2021-01-27
27,347849.43,0.45,No renovable,2021-01-28
28,345599.04,0.44,No renovable,2021-01-29
29,245361.88,0.31,No renovable,2021-01-30
30,229638.93,0.32,No renovable,2021-01-31
31,257506.36,0.32,No renovable,2021-02-01
32,315012.17,0.39,No renovable,2021-02-02
33,332859.86,0.43,No renovable,2021-02-03
34,395010.16,0.56,No renovable,2021-02-04
35,361813.22,0.49,No renovable,2021-02-05
36,321652.89,0.45,No renovable,2021-02-06
37,287939.09,0.39,No renovable,2021-02-07
38,294134.47,0.36,No renovable,2021-02-08
39,284917.1,0.36,No renovable,2021-02-09
40,322425.01,0.39,No renovable,2021-02-10
41,376121.47,0.48,No renovable,2021-02-11
42,322372.64,0.39,No renovable,2021-02-12
43,316299.63,0.42,No renovable,2021-02-13
44,299863.07,0.43,No renovable,2021-02-14
45,311573.73,0.42,No renovable,2021-02-15
46,326231.0,0.43,No renovable,2021-02-16
47,335318.19,0.46,No renovable,2021-02-17
48,318627.92,0.42,No renovable,2021-02-18
49,301595.27,0.39,No renovable,2021-02-19
50,233656.77,0.32,No renovable,2021-02-20
51,253014.58,0.37,No renovable,2021-02-21
52,332584.47,0.44,No renovable,2021-02-22
53,314586.61,0.42,No renovable,2021-02-23
54,291155.99,0.36,No renovable,2021-02-24
55,341173.04,0.47,No renovable,2021-02-25
56,329971.13,0.46,No renovable,2021-02-26
57,297594.16,0.41,No renovable,2021-02-27
58,299441.97,0.42,No renovable,2021-02-28
59,350517.14,0.46,No renovable,2021-03-01
60,385138.96,0.53,No renovable,2021-03-02
61,390109.52,0.57,No renovable,2021-03-03
62,376746.75,0.55,No renovable,2021-03-04
63,351571.66,0.5,No renovable,2021-03-05
64,323005.41,0.49,No renovable,2021-03-06
65,331508.97,0.56,No renovable,2021-03-07
66,369179.73,0.5,No renovable,2021-03-08
67,374704.51,0.5,No renovable,2021-03-09
68,348822.41,0.49,No renovable,2021-03-10
69,323483.64,0.43,No renovable,2021-03-11
70,337355.79,0.47,No renovable,2021-03-12
71,309829.03,0.48,No renovable,2021-03-13
72,285304.9,0.42,No renovable,2021-03-14
73,315526.94,0.41,No renovable,2021-03-15
74,300026.08,0.36,No renovable,2021-03-16
75,274208.5,0.33,No renovable,2021-03-17
76,306015.08,0.38,No renovable,2021-03-18
77,290717.03,0.38,No renovable,2021-03-19
78,283203.5,0.36,No renovable,2021-03-20
79,285047.14,0.38,No renovable,2021-03-21
80,330468.92,0.42,No renovable,2021-03-22
81,379815.9,0.55,No renovable,2021-03-23
82,374120.93,0.58,No renovable,2021-03-24
83,366666.68,0.55,No renovable,2021-03-25
84,348368.82,0.53,No renovable,2021-03-26
85,314435.88,0.5,No renovable,2021-03-27
86,289721.83,0.5,No renovable,2021-03-28
87,330101.78,0.46,No renovable,2021-03-29
88,333682.5,0.48,No renovable,2021-03-30
89,317796.89,0.45,No renovable,2021-03-31
90,323309.36,0.49,No renovable,2021-04-01
91,334530.36,0.59,No renovable,2021-04-02
92,289567.79,0.44,No renovable,2021-04-03
93,286126.76,0.45,No renovable,2021-04-04
94,303257.62,0.52,No renovable,2021-04-05
95,315891.78,0.41,No renovable,2021-04-06
96,342618.79,0.45,No renovable,2021-04-07
97,374044.34,0.53,No renovable,2021-04-08
98,393983.46,0.56,No renovable,2021-04-09
99,340281.64,0.59,No renovable,2021-04-10
100,307296.45,0.46,No renovable,2021-04-11
101,337111.94,0.46,No renovable,2021-04-12
102,427093.94,0.6,No renovable,2021-04-13
103,409934.35,0.59,No renovable,2021-04-14
104,366113.05,0.51,No renovable,2021-04-15
105,341695.32,0.45,No renovable,2021-04-16
106,304165.01,0.43,No renovable,2021-04-17
107,318953.45,0.51,No renovable,2021-04-18
108,420693.99,0.62,No renovable,2021-04-19
109,424054.12,0.64,No renovable,2021-04-20
110,434717.05,0.67,No renovable,2021-04-21
111,407970.71,0.62,No renovable,2021-04-22
112,330537.72,0.49,No renovable,2021-04-23
113,283904.22,0.46,No renovable,2021-04-24
114,315132.09,0.55,No renovable,2021-04-25
115,398492.3,0.64,No renovable,2021-04-26
116,411655.43,0.65,No renovable,2021-04-27
117,390318.17,0.61,No renovable,2021-04-28
118,348995.2,0.56,No renovable,2021-04-29
119,377271.23,0.58,No renovable,2021-04-30
120,303131.36,0.48,No renovable,2021-05-01
121,340050.26,0.56,No renovable,2021-05-02
122,368477.0,0.57,No renovable,2021-05-03
123,382760.22,0.58,No renovable,2021-05-04
124,353220.96,0.55,No renovable,2021-05-05
125,358035.14,0.52,No renovable,2021-05-06
126,357557.44,0.53,No renovable,2021-05-07
127,318598.75,0.47,No renovable,2021-05-08
128,296349.84,0.45,No renovable,2021-05-09
129,339395.37,0.5,No renovable,2021-05-10
130,324533.59,0.41,No renovable,2021-05-11
131,315338.72,0.41,No renovable,2021-05-12
132,322698.29,0.44,No renovable,2021-05-13
133,335452.0,0.45,No renovable,2021-05-14
134,284120.75,0.39,No renovable,2021-05-15
135,255078.7,0.35,No renovable,2021-05-16
136,305860.31,0.49,No renovable,2021-05-17
137,306900.38,0.44,No renovable,2021-05-18
138,313938.34,0.46,No renovable,2021-05-19
139,337665.44,0.53,No renovable,2021-05-20
140,298710.61,0.46,No renovable,2021-05-21
141,285139.05,0.48,No renovable,2021-05-22
142,288984.85,0.52,No renovable,2021-05-23
143,281546.52,0.43,No renovable,2021-05-24
144,310475.07,0.48,No renovable,2021-05-25
145,342747.65,0.54,No renovable,2021-05-26
146,382643.49,0.62,No renovable,2021-05-27
147,382100.15,0.61,No renovable,2021-05-28
148,307529.64,0.51,No renovable,2021-05-29
149,284865.15,0.5,No renovable,2021-05-30
150,354214.39,0.56,No renovable,2021-05-31
151,380914.51,0.58,No renovable,2021-06-01
152,396674.02,0.6,No renovable,2021-06-02
153,349838.47,0.53,No renovable,2021-06-03
154,357501.24,0.56,No renovable,2021-06-04
155,331561.65,0.58,No renovable,2021-06-05
156,289255.46,0.48,No renovable,2021-06-06
157,363449.83,0.55,No renovable,2021-06-07
158,382005.78,0.58,No renovable,2021-06-08
159,367217.54,0.55,No renovable,2021-06-09
160,342983.58,0.51,No renovable,2021-06-10
161,298629.67,0.43,No renovable,2021-06-11
162,255910.63,0.41,No renovable,2021-06-12
163,305181.36,0.52,No renovable,2021-06-13
164,379993.58,0.56,No renovable,2021-06-14
165,394608.25,0.57,No renovable,2021-06-15
166,412385.97,0.59,No renovable,2021-06-16
167,435514.23,0.63,No renovable,2021-06-17
168,394518.9,0.59,No renovable,2021-06-18
169,355254.86,0.59,No renovable,2021-06-19
170,260992.95,0.4,No renovable,2021-06-20
171,323326.36,0.48,No renovable,2021-06-21
172,350357.3,0.53,No renovable,2021-06-22
173,334128.06,0.49,No renovable,2021-06-23
174,308606.22,0.46,No renovable,2021-06-24
175,354635.58,0.52,No renovable,2021-06-25
176,334297.57,0.51,No renovable,2021-06-26
177,315047.06,0.48,No renovable,2021-06-27
178,363025.22,0.51,No renovable,2021-06-28
179,416121.69,0.59,No renovable,2021-06-29
180,421981.89,0.58,No renovable,2021-06-30
181,443824.83,0.6,No renovable,2021-07-01
182,438609.62,0.58,No renovable,2021-07-02
183,341044.82,0.51,No renovable,2021-07-03
184,324227.55,0.47,No renovable,2021-07-04
185,364095.4,0.47,No renovable,2021-07-05
186,382334.56,0.51,No renovable,2021-07-06
187,418371.25,0.57,No renovable,2021-07-07
188,409148.06,0.55,No renovable,2021-07-08
189,404467.63,0.56,No renovable,2021-07-09
190,374411.33,0.55,No renovable,2021-07-10
191,359828.36,0.55,No renovable,2021-07-11
192,358496.88,0.44,No renovable,2021-07-12
193,374608.31,0.5,No renovable,2021-07-13
194,347696.81,0.47,No renovable,2021-07-14
195,352234.77,0.47,No renovable,2021-07-15
196,363218.54,0.49,No renovable,2021-07-16
197,354113.01,0.53,No renovable,2021-07-17
198,328602.5,0.48,No renovable,2021-07-18
199,420544.85,0.59,No renovable,2021-07-19
200,461962.91,0.65,No renovable,2021-07-20
201,480668.3,0.65,No renovable,2021-07-21
202,444611.46,0.59,No renovable,2021-07-22
203,406696.7,0.53,No renovable,2021-07-23
204,360479.03,0.53,No renovable,2021-07-24
205,367701.5,0.57,No renovable,2021-07-25
206,430271.84,0.61,No renovable,2021-07-26
207,439749.72,0.61,No renovable,2021-07-27
208,404557.22,0.54,No renovable,2021-07-28
209,407648.38,0.55,No renovable,2021-07-29
210,374789.52,0.5,No renovable,2021-07-30
211,319963.54,0.45,No renovable,2021-07-31
212,330997.83,0.54,No renovable,2021-08-01
213,385824.35,0.59,No renovable,2021-08-02
214,390068.87,0.58,No renovable,2021-08-03
215,392322.07,0.54,No renovable,2021-08-04
216,360271.09,0.51,No renovable,2021-08-05
217,376526.05,0.53,No renovable,2021-08-06
218,330970.86,0.49,No renovable,2021-08-07
219,341128.24,0.55,No renovable,2021-08-08
220,375005.45,0.57,No renovable,2021-08-09
221,433118.18,0.64,No renovable,2021-08-10
222,441322.17,0.64,No renovable,2021-08-11
223,442483.09,0.61,No renovable,2021-08-12
224,456733.68,0.63,No renovable,2021-08-13
225,452965.62,0.64,No renovable,2021-08-14
226,394460.77,0.58,No renovable,2021-08-15
227,370833.49,0.48,No renovable,2021-08-16
228,367742.03,0.47,No renovable,2021-08-17
229,373270.84,0.5,No renovable,2021-08-18
230,407319.87,0.59,No renovable,2021-08-19
231,424481.39,0.62,No renovable,2021-08-20
232,391548.19,0.6,No renovable,2021-08-21
233,355260.65,0.55,No renovable,2021-08-22
234,365908.44,0.49,No renovable,2021-08-23
235,398145.84,0.53,No renovable,2021-08-24
236,465599.69,0.66,No renovable,2021-08-25
237,484486.55,0.69,No renovable,2021-08-26
238,449285.13,0.63,No renovable,2021-08-27
239,365529.15,0.52,No renovable,2021-08-28
240,359500.63,0.57,No renovable,2021-08-29
241,449213.27,0.64,No renovable,2021-08-30
242,470131.74,0.66,No renovable,2021-08-31
243,466727.65,0.66,No renovable,2021-09-01
244,482613.93,0.71,No renovable,2021-09-02
245,490041.98,0.71,No renovable,2021-09-03
246,440906.07,0.68,No renovable,2021-09-04
247,396864.26,0.62,No renovable,2021-09-05
248,459760.58,0.64,No renovable,2021-09-06
249,409743.13,0.53,No renovable,2021-09-07
250,450170.77,0.61,No renovable,2021-09-08
251,471722.67,0.64,No renovable,2021-09-09
252,475636.8,0.67,No renovable,2021-09-10
253,455422.76,0.71,No renovable,2021-09-11
254,404878.7,0.66,No renovable,2021-09-12
255,469005.66,0.66,No renovable,2021-09-13
256,529057.6,0.71,No renovable,2021-09-14
257,575074.59,0.76,No renovable,2021-09-15
258,485261.68,0.68,No renovable,2021-09-16
259,503131.98,0.71,No renovable,2021-09-17
260,389566.43,0.6,No renovable,2021-09-18
261,370316.69,0.6,No renovable,2021-09-19
262,375459.49,0.52,No renovable,2021-09-20
263,349244.34,0.49,No renovable,2021-09-21
264,391021.44,0.58,No renovable,2021-09-22
265,374979.54,0.54,No renovable,2021-09-23
266,447265.96,0.66,No renovable,2021-09-24
267,396847.93,0.63,No renovable,2021-09-25
268,384156.87,0.61,No renovable,2021-09-26
269,451408.97,0.66,No renovable,2021-09-27
270,458576.74,0.68,No renovable,2021-09-28
271,402663.34,0.59,No renovable,2021-09-29
272,459221.24,0.67,No renovable,2021-09-30
273,485813.41,0.74,No renovable,2021-10-01
274,340261.03,0.52,No renovable,2021-10-02
275,306341.45,0.47,No renovable,2021-10-03
276,345909.48,0.5,No renovable,2021-10-04
277,394537.02,0.56,No renovable,2021-10-05
278,440317.65,0.62,No renovable,2021-10-06
279,452677.77,0.64,No renovable,2021-10-07
280,442001.08,0.65,No renovable,2021-10-08
281,368172.57,0.59,No renovable,2021-10-09
282,321824.52,0.5,No renovable,2021-10-10
283,362131.09,0.56,No renovable,2021-10-11
284,379119.36,0.58,No renovable,2021-10-12
285,396779.33,0.56,No renovable,2021-10-13
286,452521.26,0.67,No renovable,2021-10-14
287,462393.48,0.7,No renovable,2021-10-15
288,429402.02,0.73,No renovable,2021-10-16
289,413091.53,0.72,No renovable,2021-10-17
290,478132.03,0.71,No renovable,2021-10-18
291,382207.23,0.55,No renovable,2021-10-19
292,359956.12,0.51,No renovable,2021-10-20
293,414378.11,0.64,No renovable,2021-10-21
294,400489.13,0.59,No renovable,2021-10-22
295,417544.96,0.67,No renovable,2021-10-23
296,405448.23,0.69,No renovable,2021-10-24
297,506018.93,0.76,No renovable,2021-10-25
298,498080.59,0.72,No renovable,2021-10-26
299,532715.27,0.76,No renovable,2021-10-27
300,419887.72,0.6,No renovable,2021-10-28
301,401531.35,0.59,No renovable,2021-10-29
302,335040.6,0.5,No renovable,2021-10-30
303,298013.58,0.44,No renovable,2021-10-31
304,294360.95,0.44,No renovable,2021-11-01
305,391818.18,0.51,No renovable,2021-11-02
306,425420.46,0.55,No renovable,2021-11-03
307,467129.96,0.62,No renovable,2021-11-04
308,421593.9,0.54,No renovable,2021-11-05
309,340838.79,0.46,No renovable,2021-11-06
310,325821.38,0.44,No renovable,2021-11-07
311,391746.0,0.49,No renovable,2021-11-08
312,456416.19,0.59,No renovable,2021-11-09
313,565580.49,0.72,No renovable,2021-11-10
314,593264.33,0.77,No renovable,2021-11-11
315,540053.61,0.73,No renovable,2021-11-12
316,423794.57,0.64,No renovable,2021-11-13
317,350351.05,0.51,No renovable,2021-11-14
318,401791.04,0.51,No renovable,2021-11-15
319,460886.65,0.58,No renovable,2021-11-16
320,385082.54,0.49,No renovable,2021-11-17
321,436562.25,0.57,No renovable,2021-11-18
322,487616.52,0.65,No renovable,2021-11-19
323,525114.45,0.77,No renovable,2021-11-20
324,471240.08,0.73,No renovable,2021-11-21
325,516964.48,0.67,No renovable,2021-11-22
326,513663.71,0.62,No renovable,2021-11-23
327,547291.94,0.66,No renovable,2021-11-24
328,506574.97,0.59,No renovable,2021-11-25
329,466777.47,0.55,No renovable,2021-11-26
330,309984.54,0.39,No renovable,2021-11-27
331,304196.65,0.39,No renovable,2021-11-28
332,428677.57,0.5,No renovable,2021-11-29
333,609763.82,0.73,No renovable,2021-11-30
334,472790.47,0.57,No renovable,2021-12-01
335,410110.35,0.47,No renovable,2021-12-02
336,444140.74,0.5,No renovable,2021-12-03
337,337300.1,0.43,No renovable,2021-12-04
338,267968.37,0.34,No renovable,2021-12-05
339,351537.1,0.45,No renovable,2021-12-06
340,363439.46,0.47,No renovable,2021-12-07
341,278883.71,0.34,No renovable,2021-12-08
342,326266.61,0.38,No renovable,2021-12-09
343,318519.49,0.37,No renovable,2021-12-10
344,349674.5,0.45,No renovable,2021-12-11
345,405838.54,0.6,No renovable,2021-12-12
346,545111.63,0.68,No renovable,2021-12-13
347,599364.87,0.73,No renovable,2021-12-14
348,554128.17,0.67,No renovable,2021-12-15
349,533343.93,0.64,No renovable,2021-12-16
350,564752.1,0.68,No renovable,2021-12-17
351,518763.13,0.69,No renovable,2021-12-18
352,425819.51,0.61,No renovable,2021-12-19
353,526620.14,0.66,No renovable,2021-12-20
354,542746.47,0.65,No renovable,2021-12-21
355,502790.59,0.63,No renovable,2021-12-22
356,505635.63,0.64,No renovable,2021-12-23
357,378499.43,0.56,No renovable,2021-12-24
358,354011.15,0.58,No renovable,2021-12-25
359,328030.0,0.5,No renovable,2021-12-26
360,293063.13,0.37,No renovable,2021-12-27
361,290378.07,0.37,No renovable,2021-12-28
362,323038.32,0.48,No renovable,2021-12-29
363,356020.96,0.6,No renovable,2021-12-30
364,312332.46,0.54,No renovable,2021-12-31
